<?xml version="1.0" encoding="UTF-8"?>
<project version="4">
  <component name="ExternalStorageConfigurationManager" enabled="true" />
  <component name="JavaScriptSettings">
    <option name="languageLevel" value="ES6" />
  </component>
  <component name="MavenProjectsManager">
    <option name="originalFiles">
      <list>
        <option value="$PROJECT_DIR$/pom.xml" />
      </list>
    </option>
  </component>
  <component name="ProjectInspectionProfilesVisibleTreeState">
    <entry key="Project Default">
      <profile-state>
        <expanded-state>
          <State />
          <State>
            <id>Android</id>
          </State>
          <State>
            <id>Application Servers</id>
          </State>
          <State>
            <id>CDI (Contexts and Dependency Injection)</id>
          </State>
          <State>
            <id>CorrectnessLintAndroid</id>
          </State>
          <State>
            <id>Faces Model</id>
          </State>
          <State>
            <id>JSP</id>
          </State>
          <State>
            <id>Java</id>
          </State>
          <State>
            <id>Java EE</id>
          </State>
          <State>
            <id>LintAndroid</id>
          </State>
          <State>
            <id>PerformanceJava</id>
          </State>
          <State>
            <id>PortabilityJava</id>
          </State>
          <State>
            <id>Resource managementJava</id>
          </State>
          <State>
            <id>SQL</id>
          </State>
          <State>
            <id>WebSocket</id>
          </State>
        </expanded-state>
      </profile-state>
    </entry>
  </component>
  <component name="ProjectRootManager" version="2" languageLevel="JDK_1_8" project-jdk-name="1.8" project-jdk-type="JavaSDK">
    <output url="file://$PROJECT_DIR$/out" />
  </component>
</project>