<?xml version="1.0" encoding="UTF-8"?>
<project version="4">
  <component name="ArtifactsWorkspaceSettings">
    <artifacts-to-build>
      <artifact name="ShoppingApplication:war exploded" />
    </artifacts-to-build>
  </component>
  <component name="ChangeListManager">
    <list default="true" id="0ca86771-0683-4259-ae7d-c65937c8ea49" name="Default Changelist" comment="">
      <change beforePath="$PROJECT_DIR$/out/artifacts/ShoppingApplication_war_exploded/js/main.js" beforeDir="false" afterPath="$PROJECT_DIR$/out/artifacts/ShoppingApplication_war_exploded/js/main.js" afterDir="false" />
    </list>
    <ignored path="$PROJECT_DIR$/out/" />
    <ignored path="$PROJECT_DIR$/target/" />
    <option name="EXCLUDED_CONVERTED_TO_IGNORED" value="true" />
    <option name="SHOW_DIALOG" value="false" />
    <option name="HIGHLIGHT_CONFLICTS" value="true" />
    <option name="HIGHLIGHT_NON_ACTIVE_CHANGELIST" value="false" />
    <option name="LAST_RESOLUTION" value="IGNORE" />
  </component>
  <component name="DefaultGradleProjectSettings">
    <option name="isMigrated" value="true" />
  </component>
  <component name="FileEditorManager">
    <leaf SIDE_TABS_SIZE_LIMIT_KEY="300">
      <file pinned="false" current-in-tab="false">
        <entry file="file://$PROJECT_DIR$/web/WEB-INF/view/BookList.jsp">
          <provider selected="true" editor-type-id="text-editor">
            <state relative-caret-position="-703" />
          </provider>
        </entry>
      </file>
      <file pinned="false" current-in-tab="false">
        <entry file="file://$PROJECT_DIR$/web/js/show.js">
          <provider selected="true" editor-type-id="text-editor" />
        </entry>
      </file>
      <file pinned="false" current-in-tab="false">
        <entry file="file://$PROJECT_DIR$/web/WEB-INF/view/addProduct.jsp">
          <provider selected="true" editor-type-id="text-editor" />
        </entry>
      </file>
      <file pinned="false" current-in-tab="false">
        <entry file="file://$PROJECT_DIR$/src/main/java/LoginServlet.java">
          <provider selected="true" editor-type-id="text-editor">
            <state relative-caret-position="-462">
              <caret line="31" column="51" selection-start-line="31" selection-start-column="51" selection-end-line="31" selection-end-column="51" />
            </state>
          </provider>
        </entry>
      </file>
      <file pinned="false" current-in-tab="true">
        <entry file="file://$PROJECT_DIR$/src/main/java/MainServlet.java">
          <provider selected="true" editor-type-id="text-editor">
            <state relative-caret-position="504">
              <caret line="25" selection-start-line="25" selection-end-line="29" />
            </state>
          </provider>
        </entry>
      </file>
      <file pinned="false" current-in-tab="false">
        <entry file="file://$PROJECT_DIR$/src/main/java/AddProductServlet.java">
          <provider selected="true" editor-type-id="text-editor">
            <state relative-caret-position="112">
              <caret line="21" column="13" selection-start-line="21" selection-start-column="13" selection-end-line="21" selection-end-column="13" />
            </state>
          </provider>
        </entry>
      </file>
      <file pinned="false" current-in-tab="false">
        <entry file="file://$PROJECT_DIR$/src/main/java/adminLoginServlet.java">
          <provider selected="true" editor-type-id="text-editor">
            <state relative-caret-position="84">
              <caret line="11" column="13" selection-start-line="11" selection-start-column="13" selection-end-line="11" selection-end-column="13" />
            </state>
          </provider>
        </entry>
      </file>
      <file pinned="false" current-in-tab="false">
        <entry file="file://$PROJECT_DIR$/workspace.xml">
          <provider selected="true" editor-type-id="text-editor">
            <state relative-caret-position="168">
              <caret line="6" column="14" selection-start-line="6" selection-start-column="14" selection-end-line="6" selection-end-column="14" />
            </state>
          </provider>
        </entry>
      </file>
      <file pinned="false" current-in-tab="false">
        <entry file="file://$PROJECT_DIR$/web/WEB-INF/view/products.jsp">
          <provider selected="true" editor-type-id="text-editor" />
        </entry>
      </file>
      <file pinned="false" current-in-tab="false">
        <entry file="file://$PROJECT_DIR$/web/WEB-INF/view/register.jsp">
          <provider selected="true" editor-type-id="text-editor" />
        </entry>
      </file>
    </leaf>
  </component>
  <component name="FileTemplateManagerImpl">
    <option name="RECENT_TEMPLATES">
      <list>
        <option value="CSS File" />
        <option value="Jsp File" />
        <option value="Class" />
        <option value="JavaScript File" />
      </list>
    </option>
  </component>
  <component name="FindInProjectRecents">
    <findStrings>
      <find>Cras justo odio</find>
    </findStrings>
  </component>
  <component name="Git.Settings">
    <option name="RECENT_GIT_ROOT_PATH" value="$PROJECT_DIR$/.." />
  </component>
  <component name="IdeDocumentHistory">
    <option name="CHANGED_PATHS">
      <list>
        <option value="$PROJECT_DIR$/src/main/java/servlet/ProductsServlet.java" />
        <option value="$PROJECT_DIR$/src/main/java/entity/Product.java" />
        <option value="$PROJECT_DIR$/web/WEB-INF/view/js/main.js" />
        <option value="$PROJECT_DIR$/web/css/main.css" />
        <option value="$PROJECT_DIR$/src/main/java/ShoppingCartServelt.java" />
        <option value="$PROJECT_DIR$/pom.xml" />
        <option value="$PROJECT_DIR$/src/main/java/entity/ShoppongCart.java" />
        <option value="$PROJECT_DIR$/src/main/java/entity/ShoppingCartBeanHelp.java" />
        <option value="$PROJECT_DIR$/src/main/java/filter/AuthenticationFilter.java" />
        <option value="$PROJECT_DIR$/web/css/shoppingCart.css" />
        <option value="$PROJECT_DIR$/web/WEB-INF/view/login.jsp" />
        <option value="$PROJECT_DIR$/web/css/login.css" />
        <option value="$PROJECT_DIR$/web/WEB-INF/web.xml" />
        <option value="$PROJECT_DIR$/web/index.jsp" />
        <option value="$PROJECT_DIR$/src/main/java/ShoppingCartServlet.java" />
        <option value="$PROJECT_DIR$/web/js/main.js" />
        <option value="$PROJECT_DIR$/web/WEB-INF/view/main.jsp" />
        <option value="$PROJECT_DIR$/web/WEB-INF/view/confirmation.jsp" />
        <option value="$PROJECT_DIR$/src/main/java/LoginServlet.java" />
        <option value="$PROJECT_DIR$/src/main/java/ConfirmationServlet.java" />
        <option value="$PROJECT_DIR$/web/WEB-INF/view/shoppingCart.jsp" />
        <option value="$PROJECT_DIR$/web/js/shoppingCart.js" />
        <option value="$PROJECT_DIR$/src/main/java/MainServlet.java" />
        <option value="$PROJECT_DIR$/src/main/java/tools/DataBase.java" />
      </list>
    </option>
  </component>
  <component name="JsFlowSettings">
    <service-enabled>true</service-enabled>
    <exe-path />
    <other-services-enabled>true</other-services-enabled>
    <auto-save>true</auto-save>
  </component>
  <component name="LogFilters">
    <option name="FILTER_ERRORS" value="false" />
    <option name="FILTER_WARNINGS" value="false" />
    <option name="FILTER_INFO" value="true" />
    <option name="FILTER_DEBUG" value="true" />
    <option name="CUSTOM_FILTER" />
  </component>
  <component name="MavenImportPreferences">
    <option name="importingSettings">
      <MavenImportingSettings>
        <option name="importAutomatically" value="true" />
      </MavenImportingSettings>
    </option>
  </component>
  <component name="ProjectFrameBounds">
    <option name="x" value="34" />
    <option name="y" value="23" />
    <option name="width" value="1406" />
    <option name="height" value="780" />
  </component>
  <component name="ProjectLevelVcsManager" settingsEditedManually="true" />
  <component name="ProjectView">
    <navigator proportions="" version="1">
      <foldersAlwaysOnTop value="true" />
    </navigator>
    <panes>
      <pane id="PackagesPane" />
      <pane id="Scope" />
      <pane id="ProjectPane">
        <subPane>
          <expand>
            <path>
              <item name="ShoppingApplication" type="b2602c69:ProjectViewProjectNode" />
              <item name="ShoppingApplication" type="462c0819:PsiDirectoryNode" />
            </path>
            <path>
              <item name="ShoppingApplication" type="b2602c69:ProjectViewProjectNode" />
              <item name="ShoppingApplication" type="462c0819:PsiDirectoryNode" />
              <item name=".idea" type="462c0819:PsiDirectoryNode" />
            </path>
            <path>
              <item name="ShoppingApplication" type="b2602c69:ProjectViewProjectNode" />
              <item name="ShoppingApplication" type="462c0819:PsiDirectoryNode" />
              <item name="src" type="462c0819:PsiDirectoryNode" />
            </path>
            <path>
              <item name="ShoppingApplication" type="b2602c69:ProjectViewProjectNode" />
              <item name="ShoppingApplication" type="462c0819:PsiDirectoryNode" />
              <item name="src" type="462c0819:PsiDirectoryNode" />
              <item name="main" type="462c0819:PsiDirectoryNode" />
            </path>
            <path>
              <item name="ShoppingApplication" type="b2602c69:ProjectViewProjectNode" />
              <item name="ShoppingApplication" type="462c0819:PsiDirectoryNode" />
              <item name="src" type="462c0819:PsiDirectoryNode" />
              <item name="main" type="462c0819:PsiDirectoryNode" />
              <item name="java" type="462c0819:PsiDirectoryNode" />
            </path>
            <path>
              <item name="ShoppingApplication" type="b2602c69:ProjectViewProjectNode" />
              <item name="ShoppingApplication" type="462c0819:PsiDirectoryNode" />
              <item name="src" type="462c0819:PsiDirectoryNode" />
              <item name="main" type="462c0819:PsiDirectoryNode" />
              <item name="java" type="462c0819:PsiDirectoryNode" />
              <item name="filter" type="462c0819:PsiDirectoryNode" />
            </path>
            <path>
              <item name="ShoppingApplication" type="b2602c69:ProjectViewProjectNode" />
              <item name="ShoppingApplication" type="462c0819:PsiDirectoryNode" />
              <item name="src" type="462c0819:PsiDirectoryNode" />
              <item name="main" type="462c0819:PsiDirectoryNode" />
              <item name="java" type="462c0819:PsiDirectoryNode" />
              <item name="listener" type="462c0819:PsiDirectoryNode" />
            </path>
            <path>
              <item name="ShoppingApplication" type="b2602c69:ProjectViewProjectNode" />
              <item name="ShoppingApplication" type="462c0819:PsiDirectoryNode" />
              <item name="src" type="462c0819:PsiDirectoryNode" />
              <item name="test" type="462c0819:PsiDirectoryNode" />
            </path>
            <path>
              <item name="ShoppingApplication" type="b2602c69:ProjectViewProjectNode" />
              <item name="ShoppingApplication" type="462c0819:PsiDirectoryNode" />
              <item name="web" type="462c0819:PsiDirectoryNode" />
            </path>
            <path>
              <item name="ShoppingApplication" type="b2602c69:ProjectViewProjectNode" />
              <item name="ShoppingApplication" type="462c0819:PsiDirectoryNode" />
              <item name="web" type="462c0819:PsiDirectoryNode" />
              <item name="css" type="462c0819:PsiDirectoryNode" />
            </path>
            <path>
              <item name="ShoppingApplication" type="b2602c69:ProjectViewProjectNode" />
              <item name="ShoppingApplication" type="462c0819:PsiDirectoryNode" />
              <item name="web" type="462c0819:PsiDirectoryNode" />
              <item name="js" type="462c0819:PsiDirectoryNode" />
            </path>
            <path>
              <item name="ShoppingApplication" type="b2602c69:ProjectViewProjectNode" />
              <item name="ShoppingApplication" type="462c0819:PsiDirectoryNode" />
              <item name="web" type="462c0819:PsiDirectoryNode" />
              <item name="WEB-INF" type="462c0819:PsiDirectoryNode" />
            </path>
            <path>
              <item name="ShoppingApplication" type="b2602c69:ProjectViewProjectNode" />
              <item name="ShoppingApplication" type="462c0819:PsiDirectoryNode" />
              <item name="web" type="462c0819:PsiDirectoryNode" />
              <item name="WEB-INF" type="462c0819:PsiDirectoryNode" />
              <item name="view" type="462c0819:PsiDirectoryNode" />
            </path>
          </expand>
          <select />
        </subPane>
      </pane>
    </panes>
  </component>
  <component name="PropertiesComponent">
    <property name="JavaScriptWeakerCompletionTypeGuess" value="true" />
    <property name="SHARE_PROJECT_CONFIGURATION_FILES" value="true" />
    <property name="WebServerToolWindowFactoryState" value="false" />
    <property name="aspect.path.notification.shown" value="true" />
    <property name="last_opened_file_path" value="$PROJECT_DIR$" />
    <property name="list.type.of.created.stylesheet" value="CSS" />
    <property name="nodejs_interpreter_path.stuck_in_default_project" value="undefined stuck path" />
    <property name="nodejs_npm_path_reset_for_default_project" value="true" />
    <property name="project.structure.last.edited" value="Artifacts" />
    <property name="project.structure.proportion" value="0.15" />
    <property name="project.structure.side.proportion" value="0.2" />
    <property name="settings.editor.selected.configurable" value="Settings.JavaScript" />
    <property name="show.migrate.to.gradle.popup" value="false" />
  </component>
  <component name="RecentsManager">
    <key name="CopyFile.RECENT_KEYS">
      <recent name="$PROJECT_DIR$" />
    </key>
    <key name="MoveFile.RECENT_KEYS">
      <recent name="$PROJECT_DIR$/web" />
      <recent name="$PROJECT_DIR$/web/WEB-INF" />
    </key>
  </component>
  <component name="RunDashboard">
    <option name="ruleStates">
      <list>
        <RuleState>
          <option name="name" value="ConfigurationTypeDashboardGroupingRule" />
        </RuleState>
        <RuleState>
          <option name="name" value="StatusDashboardGroupingRule" />
        </RuleState>
      </list>
    </option>
  </component>
  <component name="RunManager">
    <configuration name="Tomcat 8.5.37" type="#com.intellij.j2ee.web.tomcat.TomcatRunConfigurationFactory" factoryName="Local" APPLICATION_SERVER_NAME="Tomcat 8.5.37" ALTERNATIVE_JRE_ENABLED="false" nameIsGenerated="true">
      <option name="UPDATING_POLICY" value="restart-server" />
      <deployment>
        <artifact name="ShoppingApplication:war exploded">
          <settings>
            <option name="CONTEXT_PATH" value="/ShoppingApplication" />
          </settings>
        </artifact>
      </deployment>
      <server-settings>
        <option name="BASE_DIRECTORY_NAME" value="Unnamed_ShoppingApplication_4" />
      </server-settings>
      <predefined_log_file enabled="true" id="Tomcat" />
      <predefined_log_file enabled="true" id="Tomcat Catalina" />
      <predefined_log_file id="Tomcat Manager" />
      <predefined_log_file id="Tomcat Host Manager" />
      <predefined_log_file id="Tomcat Localhost Access" />
      <RunnerSettings RunnerId="Debug">
        <option name="DEBUG_PORT" value="58074" />
      </RunnerSettings>
      <ConfigurationWrapper VM_VAR="JAVA_OPTS" RunnerId="Cover">
        <option name="USE_ENV_VARIABLES" value="true" />
        <STARTUP>
          <option name="USE_DEFAULT" value="true" />
          <option name="SCRIPT" value="" />
          <option name="VM_PARAMETERS" value="" />
          <option name="PROGRAM_PARAMETERS" value="" />
        </STARTUP>
        <SHUTDOWN>
          <option name="USE_DEFAULT" value="true" />
          <option name="SCRIPT" value="" />
          <option name="VM_PARAMETERS" value="" />
          <option name="PROGRAM_PARAMETERS" value="" />
        </SHUTDOWN>
      </ConfigurationWrapper>
      <ConfigurationWrapper VM_VAR="JAVA_OPTS" RunnerId="Debug">
        <option name="USE_ENV_VARIABLES" value="true" />
        <STARTUP>
          <option name="USE_DEFAULT" value="true" />
          <option name="SCRIPT" value="" />
          <option name="VM_PARAMETERS" value="" />
          <option name="PROGRAM_PARAMETERS" value="" />
        </STARTUP>
        <SHUTDOWN>
          <option name="USE_DEFAULT" value="true" />
          <option name="SCRIPT" value="" />
          <option name="VM_PARAMETERS" value="" />
          <option name="PROGRAM_PARAMETERS" value="" />
        </SHUTDOWN>
      </ConfigurationWrapper>
      <ConfigurationWrapper VM_VAR="JAVA_OPTS" RunnerId="Run">
        <option name="USE_ENV_VARIABLES" value="true" />
        <STARTUP>
          <option name="USE_DEFAULT" value="true" />
          <option name="SCRIPT" value="" />
          <option name="VM_PARAMETERS" value="" />
          <option name="PROGRAM_PARAMETERS" value="" />
        </STARTUP>
        <SHUTDOWN>
          <option name="USE_DEFAULT" value="true" />
          <option name="SCRIPT" value="" />
          <option name="VM_PARAMETERS" value="" />
          <option name="PROGRAM_PARAMETERS" value="" />
        </SHUTDOWN>
      </ConfigurationWrapper>
      <method v="2">
        <option name="Make" enabled="true" />
        <option name="BuildArtifacts" enabled="true">
          <artifact name="ShoppingApplication:war exploded" />
        </option>
      </method>
    </configuration>
  </component>
  <component name="SvnConfiguration">
    <configuration />
  </component>
  <component name="TaskManager">
    <task active="true" id="Default" summary="Default task">
      <changelist id="0ca86771-0683-4259-ae7d-c65937c8ea49" name="Default Changelist" comment="" />
      <created>1562870335186</created>
      <option name="number" value="Default" />
      <option name="presentableId" value="Default" />
      <updated>1562870335186</updated>
      <workItem from="1562870336469" duration="288000" />
      <workItem from="1562870646091" duration="12900000" />
      <workItem from="1562943899526" duration="17136000" />
      <workItem from="1563030102615" duration="1316000" />
      <workItem from="1563203497821" duration="1877000" />
      <workItem from="1563289255726" duration="1459000" />
    </task>
    <servers />
  </component>
  <component name="TimeTrackingManager">
    <option name="totallyTimeSpent" value="34976000" />
  </component>
  <component name="ToolWindowManager">
    <frame x="34" y="23" width="1406" height="780" extended-state="0" />
    <layout>
      <window_info active="true" content_ui="combo" id="Project" order="0" visible="true" weight="0.26832846" />
      <window_info id="Structure" order="1" side_tool="true" weight="0.25" />
      <window_info id="Designer" order="2" />
      <window_info id="Image Layers" order="3" />
      <window_info id="Capture Tool" order="4" />
      <window_info id="Favorites" order="5" side_tool="true" />
      <window_info id="UI Designer" order="6" />
      <window_info id="Web" order="7" side_tool="true" />
      <window_info anchor="bottom" id="Message" order="0" />
      <window_info anchor="bottom" id="Find" order="1" />
      <window_info anchor="bottom" id="Run" order="2" weight="0.20386904" />
      <window_info anchor="bottom" id="Debug" order="3" visible="true" weight="0.04464286" />
      <window_info anchor="bottom" id="Cvs" order="4" weight="0.25" />
      <window_info anchor="bottom" id="Inspection" order="5" weight="0.4" />
      <window_info anchor="bottom" id="TODO" order="6" />
      <window_info anchor="bottom" id="Terminal" order="7" />
      <window_info anchor="bottom" id="Docker" order="8" show_stripe_button="false" />
      <window_info anchor="bottom" id="Event Log" order="9" side_tool="true" />
      <window_info anchor="bottom" id="Java Enterprise" order="10" />
      <window_info anchor="bottom" id="Database Changes" order="11" />
      <window_info anchor="bottom" id="Version Control" order="12" weight="0.04464286" />
      <window_info anchor="bottom" id="Flutter Performance" order="13" side_tool="true" />
      <window_info anchor="bottom" id="Application Servers" order="14" weight="0.32886904" />
      <window_info anchor="bottom" id="Messages" order="15" weight="0.32886904" />
      <window_info anchor="right" id="Commander" internal_type="SLIDING" order="0" type="SLIDING" weight="0.4" />
      <window_info anchor="right" id="Ant Build" order="1" weight="0.25" />
      <window_info anchor="right" content_ui="combo" id="Hierarchy" order="2" weight="0.25" />
      <window_info anchor="right" id="Maven" order="3" />
      <window_info anchor="right" id="Palette" order="4" />
      <window_info anchor="right" id="Flutter Inspector" order="5" />
      <window_info anchor="right" id="Flutter Outline" order="6" />
      <window_info anchor="right" id="Database" order="7" />
      <window_info anchor="right" id="Palette&#9;" order="8" />
      <window_info anchor="right" id="Theme Preview" order="9" />
      <window_info anchor="right" id="Capture Analysis" order="10" />
    </layout>
  </component>
  <component name="TypeScriptGeneratedFilesManager">
    <option name="version" value="1" />
  </component>
  <component name="editorHistoryManager">
    <entry file="file://$PROJECT_DIR$/src/main/java/servlet/ProductsServlet.java" />
    <entry file="file://$PROJECT_DIR$/src/main/java/servlet/ShoppingCart.java" />
    <entry file="file://$PROJECT_DIR$/src/main/java/servlet/LoginServlet.java" />
    <entry file="jar:///Library/Java/JavaVirtualMachines/jdk1.8.0_51.jdk/Contents/Home/src.zip!/java/util/ArrayList.java">
      <provider selected="true" editor-type-id="text-editor">
        <state relative-caret-position="211">
          <caret line="105" column="13" selection-start-line="105" selection-start-column="13" selection-end-line="105" selection-end-column="13" />
        </state>
      </provider>
    </entry>
    <entry file="file://$PROJECT_DIR$/pom.xml">
      <provider selected="true" editor-type-id="text-editor">
        <state relative-caret-position="467">
          <caret line="46" column="21" selection-start-line="46" selection-start-column="21" selection-end-line="46" selection-end-column="21" />
        </state>
      </provider>
    </entry>
    <entry file="jar://$MAVEN_REPOSITORY$/com/google/code/gson/gson/2.8.1/gson-2.8.1-sources.jar!/com/google/gson/Gson.java">
      <provider selected="true" editor-type-id="text-editor">
        <state relative-caret-position="170">
          <caret line="795" column="15" selection-start-line="795" selection-start-column="15" selection-end-line="795" selection-end-column="15" />
        </state>
      </provider>
    </entry>
    <entry file="file://$PROJECT_DIR$/web/css/main.css">
      <provider selected="true" editor-type-id="text-editor">
        <state>
          <caret selection-end-line="11" selection-end-column="1" />
        </state>
      </provider>
    </entry>
    <entry file="file://$PROJECT_DIR$/web/css/shoppingCart.css" />
    <entry file="file://$PROJECT_DIR$/web/css/login.css">
      <provider selected="true" editor-type-id="text-editor">
        <state relative-caret-position="84">
          <caret line="3" column="14" lean-forward="true" selection-start-line="3" selection-start-column="14" selection-end-line="3" selection-end-column="14" />
        </state>
      </provider>
    </entry>
    <entry file="file://$PROJECT_DIR$/web/login.html">
      <provider selected="true" editor-type-id="text-editor" />
    </entry>
    <entry file="file://$PROJECT_DIR$/web/WEB-INF/web.xml">
      <provider selected="true" editor-type-id="text-editor">
        <state relative-caret-position="168">
          <caret line="6" column="10" lean-forward="true" selection-start-line="6" selection-start-column="10" selection-end-line="6" selection-end-column="10" />
        </state>
      </provider>
    </entry>
    <entry file="file://$PROJECT_DIR$/src/main/java/entity/User.java" />
    <entry file="file://$PROJECT_DIR$/src/main/java/entity/Product.java" />
    <entry file="file://$PROJECT_DIR$/web/WEB-INF/view/login.jsp">
      <provider selected="true" editor-type-id="text-editor">
        <state relative-caret-position="819">
          <caret line="31" column="78" selection-start-line="31" selection-start-column="78" selection-end-line="31" selection-end-column="78" />
        </state>
      </provider>
    </entry>
    <entry file="file://$PROJECT_DIR$/web/WEB-INF/view/confirmation.jsp" />
    <entry file="file://$PROJECT_DIR$/src/main/java/ConfirmationServlet.java" />
    <entry file="file://$PROJECT_DIR$/web/WEB-INF/view/shoppingCart.jsp" />
    <entry file="file://$PROJECT_DIR$/src/main/java/ShoppingCartServlet.java" />
    <entry file="file://$PROJECT_DIR$/web/js/shoppingCart.js" />
    <entry file="file://$PROJECT_DIR$/web/index.jsp">
      <provider selected="true" editor-type-id="text-editor">
        <state relative-caret-position="364">
          <caret line="13" column="26" selection-start-line="13" selection-start-column="26" selection-end-line="13" selection-end-column="26" />
        </state>
      </provider>
    </entry>
    <entry file="file://$PROJECT_DIR$/src/main/java/entity/ShoppingCartBeanHelp.java" />
    <entry file="file://$PROJECT_DIR$/src/main/java/entity/ShoppingCart.java" />
    <entry file="file://$PROJECT_DIR$/src/main/java/tools/DataBase.java" />
    <entry file="file://$PROJECT_DIR$/src/main/java/listener/MyConextListener.java">
      <provider selected="true" editor-type-id="text-editor">
        <state relative-caret-position="168">
          <caret line="10" column="13" selection-start-line="10" selection-start-column="13" selection-end-line="10" selection-end-column="13" />
        </state>
      </provider>
    </entry>
    <entry file="file://$PROJECT_DIR$/.idea/misc.xml">
      <provider selected="true" editor-type-id="text-editor" />
    </entry>
    <entry file="file://$PROJECT_DIR$/src/main/java/filter/AuthenticationFilter.java">
      <provider selected="true" editor-type-id="text-editor">
        <state relative-caret-position="308">
          <caret line="11" column="15" selection-start-line="11" selection-start-column="15" selection-end-line="11" selection-end-column="15" />
          <folding>
            <element signature="imports" expanded="true" />
          </folding>
        </state>
      </provider>
    </entry>
    <entry file="file://$PROJECT_DIR$/web/WEB-INF/view/main.jsp">
      <provider selected="true" editor-type-id="text-editor">
        <state relative-caret-position="316">
          <caret line="57" column="24" selection-start-line="57" selection-start-column="16" selection-end-line="57" selection-end-column="24" />
        </state>
      </provider>
    </entry>
    <entry file="file://$PROJECT_DIR$/web/js/main.js">
      <provider selected="true" editor-type-id="text-editor">
        <state relative-caret-position="192">
          <caret line="41" column="14" selection-start-line="41" selection-start-column="14" selection-end-line="41" selection-end-column="14" />
        </state>
      </provider>
    </entry>
    <entry file="file://$PROJECT_DIR$/workspace.xml">
      <provider selected="true" editor-type-id="text-editor">
        <state relative-caret-position="168">
          <caret line="6" column="14" selection-start-line="6" selection-start-column="14" selection-end-line="6" selection-end-column="14" />
        </state>
      </provider>
    </entry>
    <entry file="file://$PROJECT_DIR$/web/WEB-INF/view/products.jsp">
      <provider selected="true" editor-type-id="text-editor" />
    </entry>
    <entry file="file://$PROJECT_DIR$/web/WEB-INF/view/register.jsp">
      <provider selected="true" editor-type-id="text-editor" />
    </entry>
    <entry file="file://$PROJECT_DIR$/web/WEB-INF/view/BookList.jsp">
      <provider selected="true" editor-type-id="text-editor">
        <state relative-caret-position="-703" />
      </provider>
    </entry>
    <entry file="file://$PROJECT_DIR$/web/js/show.js">
      <provider selected="true" editor-type-id="text-editor" />
    </entry>
    <entry file="file://$PROJECT_DIR$/web/WEB-INF/view/addProduct.jsp">
      <provider selected="true" editor-type-id="text-editor" />
    </entry>
    <entry file="file://$PROJECT_DIR$/src/main/java/AddProductServlet.java">
      <provider selected="true" editor-type-id="text-editor">
        <state relative-caret-position="112">
          <caret line="21" column="13" selection-start-line="21" selection-start-column="13" selection-end-line="21" selection-end-column="13" />
        </state>
      </provider>
    </entry>
    <entry file="file://$PROJECT_DIR$/src/main/java/adminLoginServlet.java">
      <provider selected="true" editor-type-id="text-editor">
        <state relative-caret-position="84">
          <caret line="11" column="13" selection-start-line="11" selection-start-column="13" selection-end-line="11" selection-end-column="13" />
        </state>
      </provider>
    </entry>
    <entry file="file://$PROJECT_DIR$/src/main/java/LoginServlet.java">
      <provider selected="true" editor-type-id="text-editor">
        <state relative-caret-position="-462">
          <caret line="31" column="51" selection-start-line="31" selection-start-column="51" selection-end-line="31" selection-end-column="51" />
        </state>
      </provider>
    </entry>
    <entry file="file://$PROJECT_DIR$/src/main/java/MainServlet.java">
      <provider selected="true" editor-type-id="text-editor">
        <state relative-caret-position="504">
          <caret line="25" selection-start-line="25" selection-end-line="29" />
        </state>
      </provider>
    </entry>
  </component>
  <component name="masterDetails">
    <states>
      <state key="ArtifactsStructureConfigurable.UI">
        <settings>
          <artifact-editor />
          <last-edited>ShoppingApplication:war exploded</last-edited>
          <splitter-proportions>
            <option name="proportions">
              <list>
                <option value="0.2" />
                <option value="0.5" />
              </list>
            </option>
          </splitter-proportions>
        </settings>
      </state>
      <state key="FacetStructureConfigurable.UI">
        <settings>
          <splitter-proportions>
            <option name="proportions">
              <list>
                <option value="0.2" />
              </list>
            </option>
          </splitter-proportions>
        </settings>
      </state>
      <state key="GlobalLibrariesConfigurable.UI">
        <settings>
          <splitter-proportions>
            <option name="proportions">
              <list>
                <option value="0.2" />
              </list>
            </option>
          </splitter-proportions>
        </settings>
      </state>
      <state key="JdkListConfigurable.UI">
        <settings>
          <last-edited>1.8</last-edited>
          <splitter-proportions>
            <option name="proportions">
              <list>
                <option value="0.2" />
              </list>
            </option>
          </splitter-proportions>
        </settings>
      </state>
      <state key="ModuleStructureConfigurable.UI">
        <settings>
          <last-edited>ShoppingApplication</last-edited>
          <splitter-proportions>
            <option name="proportions">
              <list>
                <option value="0.2" />
                <option value="0.6" />
              </list>
            </option>
          </splitter-proportions>
        </settings>
      </state>
      <state key="ProjectJDKs.UI">
        <settings>
          <last-edited>1.8</last-edited>
          <splitter-proportions>
            <option name="proportions">
              <list>
                <option value="0.2" />
              </list>
            </option>
          </splitter-proportions>
        </settings>
      </state>
      <state key="ProjectLibrariesConfigurable.UI">
        <settings>
          <splitter-proportions>
            <option name="proportions">
              <list>
                <option value="0.2" />
              </list>
            </option>
          </splitter-proportions>
        </settings>
      </state>
    </states>
  </component>
</project>