<component name="ArtifactManager">
  <artifact type="exploded-war" name="ShoppingApplication:war exploded">
    <output-path>$PROJECT_DIR$/out/artifacts/ShoppingApplication_war_exploded</output-path>
    <root id="root">
      <element id="javaee-facet-resources" facet="ShoppingApplication/web/Web" />
      <element id="directory" name="WEB-INF">
        <element id="directory" name="classes">
          <element id="module-output" name="ShoppingApplication" />
        </element>
        <element id="directory" name="lib">
          <element id="library" level="project" name="Maven: jstl:jstl:1.2" />
          <element id="library" level="project" name="Maven: com.google.code.gson:gson:2.8.1" />
        </element>
      </element>
    </root>
  </artifact>
</component>